strategy,n_completed,mean,std,median,min,q10,q25,q75,q90,max
pyramid,274,504.09124087591243,39.95350864942454,499.25,406.5,457.15,476.0,530.875,560.0500000000001,616.5
std,274,732.4434306569343,62.68871503959613,728.25,593.5,655.3,689.75,773.875,816.85,940.0
