parameter_set_id,mean_total_seconds,std_total_seconds,median_total_seconds,min_total_seconds,max_total_seconds,mean_avg_wait_seconds,mean_row_conflict_count,mean_row_conflict_ticks,completion_rate,stow_dist,stow_shape_k,stow_scale_lambda_s,shuffle_model,shuffle_low_s,shuffle_mode_s,shuffle_high_s,cross_zone_violation_rate,screen_completion,screen_time,screen_stability,screen_row_conflict,stage1_pass
P01_wb_k1.7_l14_tri_15_20.0_26,740.85,49.79079509168407,747.75,642.0,831.0,83.54361559139785,59.53333333333333,2460.3,1.0,weibull,1.7,14.0,triangular,15.0,20.0,26.0,0.05,True,True,True,True,True
P02_wb_k1.7_l14_tri_15_20.5_26,742.4,50.08620155498816,742.0,646.5,847.5,83.8521505376344,59.53333333333333,2476.366666666667,1.0,weibull,1.7,14.0,triangular,15.0,20.5,26.0,0.05,True,True,True,True,True
P03_wb_k1.7_l14_tri_15_21.0_26,743.05,50.71630867400782,743.5,653.5,850.5,84.19287634408602,59.53333333333333,2501.6666666666665,1.0,weibull,1.7,14.0,triangular,15.0,21.0,26.0,0.05,True,True,True,True,True
P04_wb_k1.7_l16_tri_15_20.0_26,794.3166666666667,52.90598091040326,802.25,691.5,892.0,92.98360215053762,59.53333333333333,2471.9333333333334,1.0,weibull,1.7,16.0,triangular,15.0,20.0,26.0,0.05,True,True,True,True,True
P05_wb_k1.7_l16_tri_15_20.5_26,795.2333333333333,54.20359660629053,800.0,699.5,902.0,93.0799059139785,59.53333333333333,2480.8,1.0,weibull,1.7,16.0,triangular,15.0,20.5,26.0,0.05,True,True,True,True,True
P06_wb_k1.7_l16_tri_15_21.0_26,797.85,51.55197410849325,798.25,704.0,897.5,93.30947580645162,59.53333333333333,2508.7,1.0,weibull,1.7,16.0,triangular,15.0,21.0,26.0,0.05,True,True,True,True,True
P07_wb_k1.7_l18_tri_15_20.0_26,847.15,57.7330584196157,865.75,739.0,941.5,101.96021505376345,59.53333333333333,2457.7,1.0,weibull,1.7,18.0,triangular,15.0,20.0,26.0,0.05,True,True,True,True,True
P08_wb_k1.7_l18_tri_15_20.5_26,849.7333333333333,58.57631823075998,864.5,732.0,957.5,102.32479838709678,59.53333333333333,2477.266666666667,1.0,weibull,1.7,18.0,triangular,15.0,20.5,26.0,0.05,True,True,True,True,True
P09_wb_k1.7_l18_tri_15_21.0_26,852.65,58.83160509981594,868.75,751.5,950.5,102.6752688172043,59.53333333333333,2508.4,1.0,weibull,1.7,18.0,triangular,15.0,21.0,26.0,0.05,True,True,True,True,True
